{
    "average_test_rate": 0.6990814226925338,
    "pass_rate": 0.5185185185185185,
    "question_1": 1.0,
    "question_10": 0.3333333333333333,
    "question_100": 0.5,
    "question_101": 0.8571428571428571,
    "question_102": 1.0,
    "question_103": 1.0,
    "question_104": 1.0,
    "question_105": 1.0,
    "question_106": 1.0,
    "question_107": 1.0,
    "question_109": 1.0,
    "question_11": 1.0,
    "question_12": 1.0,
    "question_13": 0.8333333333333334,
    "question_14": 0.0,
    "question_15": 1.0,
    "question_16": 1.0,
    "question_17": 1.0,
    "question_18": 1.0,
    "question_19": 0.5714285714285714,
    "question_2": 1.0,
    "question_20": 1.0,
    "question_21": 1.0,
    "question_22": 1.0,
    "question_23": 0.0,
    "question_24": 0.3333333333333333,
    "question_25": 1.0,
    "question_26": 0.6,
    "question_27": 1.0,
    "question_28": 1.0,
    "question_29": 1.0,
    "question_3": 1.0,
    "question_30": 0.0,
    "question_31": 0.75,
    "question_32": 0.5,
    "question_33": 1.0,
    "question_34": 0.75,
    "question_35": 1.0,
    "question_36": 0.875,
    "question_37": 0.0,
    "question_38": 1.0,
    "question_39": 0.0,
    "question_4": 0.6666666666666666,
    "question_40": 0.8,
    "question_41": 1.0,
    "question_42": 1.0,
    "question_43": 0.0,
    "question_44": 0.8,
    "question_45": 1.0,
    "question_46": 0.0,
    "question_47": 0.8,
    "question_48": 1.0,
    "question_49": 1.0,
    "question_5": 1.0,
    "question_50": 0.16666666666666666,
    "question_51": 1.0,
    "question_52": 1.0,
    "question_53": 0.6666666666666666,
    "question_54": 0.8571428571428571,
    "question_55": 0.0,
    "question_56": 1.0,
    "question_57": 1.0,
    "question_58": 1.0,
    "question_59": 0.14285714285714285,
    "question_6": 0.0,
    "question_60": 1.0,
    "question_61": 0.1,
    "question_62": 1.0,
    "question_63": 0.8333333333333334,
    "question_64": 0.0,
    "question_65": 1.0,
    "question_66": 1.0,
    "question_67": 1.0,
    "question_68": 1.0,
    "question_69": 0.0,
    "question_7": 0.8571428571428571,
    "question_70": 0.0,
    "question_71": 1.0,
    "question_72": 1.0,
    "question_73": 0.0,
    "question_74": 1.0,
    "question_75": 1.0,
    "question_76": 0.5,
    "question_77": 0.0,
    "question_78": 0.3333333333333333,
    "question_79": 0.14285714285714285,
    "question_8": 0.0,
    "question_80": 1.0,
    "question_81": 0.75,
    "question_82": 1.0,
    "question_83": 0.0,
    "question_84": 1.0,
    "question_85": 0.0,
    "question_86": 0.6666666666666666,
    "question_87": 1.0,
    "question_88": 1.0,
    "question_89": 1.0,
    "question_9": 0.875,
    "question_90": 0.0,
    "question_91": 1.0,
    "question_92": 1.0,
    "question_93": 0.2222222222222222,
    "question_94": 0.0,
    "question_95": 0.8333333333333334,
    "question_96": 0.25,
    "question_97": 1.0,
    "question_98": 0.5,
    "question_99": 0.8333333333333334
}