{
    "average_test_rate": 0.5511695022479336,
    "pass_rate": 0.4,
    "question_1": 1.0,
    "question_10": 1.0,
    "question_100": 0.5,
    "question_101": 0.8571428571428571,
    "question_102": 1.0,
    "question_103": 1.0,
    "question_104": 1.0,
    "question_105": 1.0,
    "question_106": 1.0,
    "question_107": 1.0,
    "question_109": 0.5,
    "question_11": 0.8,
    "question_110": 1.0,
    "question_111": 0.0,
    "question_112": 0.0,
    "question_113": 0.75,
    "question_114": 0.8333333333333334,
    "question_115": 0.2857142857142857,
    "question_116": 0.3333333333333333,
    "question_117": 0.0,
    "question_118": 0.0,
    "question_119": 1.0,
    "question_12": 1.0,
    "question_120": 0.0,
    "question_121": 1.0,
    "question_122": 1.0,
    "question_123": 0.75,
    "question_124": 0.7777777777777778,
    "question_125": 0.1,
    "question_126": 0.0,
    "question_127": 1.0,
    "question_128": 1.0,
    "question_129": 0.0,
    "question_13": 0.3333333333333333,
    "question_130": 0.25,
    "question_131": 0.0,
    "question_132": 0.8333333333333334,
    "question_133": 1.0,
    "question_134": 0.0,
    "question_135": 1.0,
    "question_136": 1.0,
    "question_137": 1.0,
    "question_138": 1.0,
    "question_139": 0.0,
    "question_14": 1.0,
    "question_140": 0.875,
    "question_141": 0.3333333333333333,
    "question_142": 0.8,
    "question_143": 0.0,
    "question_144": 0.8333333333333334,
    "question_145": 1.0,
    "question_146": 1.0,
    "question_147": 0.8333333333333334,
    "question_148": 1.0,
    "question_149": 0.18181818181818182,
    "question_15": 1.0,
    "question_150": 0.2857142857142857,
    "question_151": 0.8,
    "question_152": 1.0,
    "question_153": 1.0,
    "question_154": 0.0,
    "question_155": 0.3333333333333333,
    "question_156": 0.6666666666666666,
    "question_157": 0.6,
    "question_158": 0.0,
    "question_159": 0.0,
    "question_16": 1.0,
    "question_160": 0.0,
    "question_161": 0.8333333333333334,
    "question_162": 0.0,
    "question_163": 0.0,
    "question_164": 0.0,
    "question_165": 0.75,
    "question_166": 0.3333333333333333,
    "question_167": 0.0,
    "question_168": 0.0,
    "question_169": 1.0,
    "question_17": 1.0,
    "question_170": 0.0,
    "question_171": 1.0,
    "question_172": 0.0,
    "question_173": 1.0,
    "question_174": 1.0,
    "question_175": 0.16666666666666666,
    "question_176": 1.0,
    "question_177": 0.0,
    "question_178": 0.8,
    "question_179": 0.0,
    "question_18": 1.0,
    "question_180": 1.0,
    "question_181": 0.16666666666666666,
    "question_182": 1.0,
    "question_183": 1.0,
    "question_184": 0.16666666666666666,
    "question_185": 0.0,
    "question_186": 1.0,
    "question_187": 1.0,
    "question_188": 1.0,
    "question_189": 0.6,
    "question_19": 0.8571428571428571,
    "question_190": 0.25,
    "question_191": 0.1,
    "question_192": 1.0,
    "question_193": 0.8333333333333334,
    "question_194": 0.875,
    "question_195": 0.0,
    "question_196": 0.3333333333333333,
    "question_197": 0.0,
    "question_198": 1.0,
    "question_199": 0.0,
    "question_2": 0.0,
    "question_20": 1.0,
    "question_200": 1.0,
    "question_201": 0.0,
    "question_202": 0.0,
    "question_203": 1.0,
    "question_204": 0.0,
    "question_205": 0.5,
    "question_206": 0.0,
    "question_207": 0.6666666666666666,
    "question_208": 0.8571428571428571,
    "question_209": 0.0,
    "question_21": 1.0,
    "question_210": 0.0,
    "question_211": 1.0,
    "question_212": 0.0,
    "question_213": 0.0,
    "question_214": 0.0,
    "question_215": 0.6666666666666666,
    "question_216": 1.0,
    "question_217": 0.6666666666666666,
    "question_218": 1.0,
    "question_219": 0.0,
    "question_22": 1.0,
    "question_220": 1.0,
    "question_221": 0.75,
    "question_222": 1.0,
    "question_223": 0.0,
    "question_224": 1.0,
    "question_225": 0.0,
    "question_226": 0.0,
    "question_227": 0.5,
    "question_228": 0.0,
    "question_229": 0.0,
    "question_23": 0.0,
    "question_230": 1.0,
    "question_231": 0.0,
    "question_232": 0.0,
    "question_233": 1.0,
    "question_234": 0.0,
    "question_235": 0.3333333333333333,
    "question_236": 0.0,
    "question_238": 0.0,
    "question_239": 0.0,
    "question_24": 0.3333333333333333,
    "question_240": 1.0,
    "question_241": 0.5,
    "question_242": 1.0,
    "question_243": 0.0,
    "question_244": 0.8571428571428571,
    "question_245": 0.0,
    "question_246": 0.3333333333333333,
    "question_247": 0.8,
    "question_248": 1.0,
    "question_249": 0.8333333333333334,
    "question_25": 0.6666666666666666,
    "question_250": 0.0,
    "question_251": 1.0,
    "question_252": 1.0,
    "question_253": 1.0,
    "question_254": 0.2857142857142857,
    "question_255": 1.0,
    "question_256": 1.0,
    "question_257": 0.0,
    "question_258": 0.0,
    "question_259": 0.6666666666666666,
    "question_26": 0.2,
    "question_260": 0.6,
    "question_261": 1.0,
    "question_262": 1.0,
    "question_263": 1.0,
    "question_264": 0.0,
    "question_265": 0.0,
    "question_266": 0.0,
    "question_267": 0.0,
    "question_268": 0.75,
    "question_269": 0.5,
    "question_27": 1.0,
    "question_270": 1.0,
    "question_271": 0.0,
    "question_272": 0.0,
    "question_273": 1.0,
    "question_274": 1.0,
    "question_275": 1.0,
    "question_276": 1.0,
    "question_277": 0.0,
    "question_278": 0.0,
    "question_279": 0.0,
    "question_28": 1.0,
    "question_280": 0.8,
    "question_281": 0.0,
    "question_282": 0.16666666666666666,
    "question_283": 0.0,
    "question_284": 0.0,
    "question_285": 0.75,
    "question_286": 0.0,
    "question_287": 0.0,
    "question_288": 1.0,
    "question_289": 1.0,
    "question_29": 1.0,
    "question_290": 0.25,
    "question_291": 1.0,
    "question_292": 0.0,
    "question_293": 1.0,
    "question_294": 0.0,
    "question_295": 0.3333333333333333,
    "question_296": 0.0,
    "question_297": 0.0,
    "question_298": 0.5,
    "question_299": 1.0,
    "question_3": 1.0,
    "question_30": 0.0,
    "question_300": 1.0,
    "question_301": 0.0,
    "question_302": 0.5,
    "question_303": 0.0,
    "question_304": 0.0,
    "question_305": 0.8571428571428571,
    "question_306": 1.0,
    "question_307": 0.125,
    "question_308": 1.0,
    "question_309": 0.0,
    "question_31": 0.0,
    "question_310": 0.0,
    "question_311": 0.0,
    "question_312": 1.0,
    "question_313": 1.0,
    "question_314": 1.0,
    "question_315": 1.0,
    "question_316": 0.0,
    "question_317": 1.0,
    "question_318": 1.0,
    "question_319": 1.0,
    "question_32": 0.0,
    "question_320": 0.0,
    "question_321": 0.0,
    "question_322": 1.0,
    "question_323": 1.0,
    "question_324": 1.0,
    "question_325": 0.0,
    "question_326": 1.0,
    "question_327": 1.0,
    "question_328": 0.0,
    "question_329": 1.0,
    "question_33": 0.5,
    "question_330": 0.0,
    "question_332": 1.0,
    "question_333": 1.0,
    "question_334": 0.0,
    "question_335": 1.0,
    "question_336": 1.0,
    "question_337": 1.0,
    "question_338": 0.0,
    "question_339": 1.0,
    "question_34": 1.0,
    "question_340": 0.0,
    "question_341": 0.875,
    "question_342": 0.3333333333333333,
    "question_343": 0.2,
    "question_344": 1.0,
    "question_345": 0.8333333333333334,
    "question_346": 0.0,
    "question_347": 1.0,
    "question_348": 0.8333333333333334,
    "question_349": 1.0,
    "question_35": 0.6666666666666666,
    "question_350": 0.18181818181818182,
    "question_351": 1.0,
    "question_352": 0.0,
    "question_353": 1.0,
    "question_354": 1.0,
    "question_355": 0.0,
    "question_356": 0.6666666666666666,
    "question_357": 0.6,
    "question_358": 1.0,
    "question_359": 1.0,
    "question_36": 1.0,
    "question_360": 1.0,
    "question_361": 0.2222222222222222,
    "question_362": 0.0,
    "question_363": 0.0,